timestamp,price,quantity,buyer_id,seller_id,is_toxic,buyer_type,seller_type
0,249.375,2,1,2,True,market_maker,informed
1,248.50218750000002,2,1,5,False,market_maker,uninformed
3,248.12918571656252,2,10,1,False,uninformed,market_maker
4,248.37719089968752,2,15,1,False,uninformed,market_maker
4,248.62643859375004,1,15,1,False,uninformed,market_maker
7,248.62643859375004,1,7,1,False,uninformed,market_maker
7,248.749198674375,1,7,1,False,uninformed,market_maker
9,248.0901865221766,2,1,9,False,market_maker,uninformed
9,247.92785142007259,1,1,9,False,market_maker,uninformed
9,247.92785142007259,1,1,14,False,market_maker,uninformed
9,247.60285622066513,2,1,14,False,market_maker,uninformed
15,247.57167006489755,1,1,13,False,market_maker,uninformed
15,247.57167006489755,1,1,14,False,market_maker,uninformed
18,247.50917275875003,2,1,9,False,market_maker,uninformed
18,247.65138648322875,2,15,1,False,uninformed,market_maker
20,247.38392765625002,2,1,10,False,market_maker,uninformed
20,247.16779263215773,1,1,10,False,market_maker,uninformed
21,247.16779263215773,1,1,1,False,market_maker,market_maker
22,247.13716498406254,1,1,1,False,market_maker,market_maker
23,247.13716498406254,1,1,1,False,market_maker,market_maker
23,246.99817190471393,1,1,5,False,market_maker,uninformed
25,247.53648474443,1,15,1,False,uninformed,market_maker
25,247.58876393197875,2,15,1,False,uninformed,market_maker
27,247.03758016871032,1,8,1,False,uninformed,market_maker
27,247.2885744693109,1,8,1,False,uninformed,market_maker
27,246.99817190471393,1,1,13,False,market_maker,uninformed
27,246.9132767306283,2,1,13,False,market_maker,uninformed
29,246.88915980093753,1,1,1,False,market_maker,market_maker
30,246.88915980093753,1,1,1,False,market_maker,market_maker
30,247.1133866199753,1,12,1,False,uninformed,market_maker
30,247.7936002077075,1,12,1,False,uninformed,market_maker
31,247.35512471138875,1,13,1,False,uninformed,market_maker
32,247.7936002077075,1,15,1,False,uninformed,market_maker
33,247.75036352114225,1,12,1,False,uninformed,market_maker
33,248.07802765666497,2,12,1,False,uninformed,market_maker
34,248.08872485351392,2,3,1,False,informed,market_maker
34,248.11009787419118,2,3,1,False,informed,market_maker
34,248.12792106266915,1,3,1,False,informed,market_maker
34,248.15280121220775,2,3,1,False,informed,market_maker
34,248.23812256688618,1,3,1,False,informed,market_maker
34,248.23812256688618,1,13,1,False,uninformed,market_maker
34,248.40859480400593,1,13,1,False,uninformed,market_maker
35,248.22928678687492,1,1,12,False,market_maker,uninformed
35,246.87078669599845,1,1,12,False,market_maker,uninformed
36,247.98062944869537,1,1,15,False,market_maker,uninformed
37,248.40859480400593,1,3,1,True,informed,market_maker
37,248.749198674375,1,3,1,True,informed,market_maker
37,248.8120090932788,2,3,1,True,informed,market_maker
37,248.84335149231177,2,3,1,True,informed,market_maker
37,249.15539867182727,1,3,1,True,informed,market_maker
37,249.16873155731017,1,3,1,True,informed,market_maker
38,249.16873155731017,1,1,1,False,market_maker,market_maker
39,249.279869577309,1,1,1,False,market_maker,market_maker
40,249.3318791474127,2,6,1,False,uninformed,market_maker
40,247.85746066342713,1,1,11,False,market_maker,uninformed
40,249.52649162062949,1,15,1,False,uninformed,market_maker
43,249.7490625,1,1,1,False,market_maker,market_maker
43,246.87078669599845,1,1,15,False,market_maker,uninformed
43,246.84952043366619,1,1,15,False,market_maker,uninformed
46,249.7490625,1,1,1,False,market_maker,market_maker
46,250.625,2,3,1,False,informed,market_maker
46,250.83187441187988,1,3,1,False,informed,market_maker
46,251.0280193695145,1,8,1,False,uninformed,market_maker
46,251.09115544878335,1,8,1,False,uninformed,market_maker
46,251.1031554460442,1,8,1,False,uninformed,market_maker
47,252.1661120746539,1,1,1,False,market_maker,market_maker
48,254.1632177909368,1,14,1,False,uninformed,market_maker
49,257.68688756998097,1,5,1,False,uninformed,market_maker
49,256.2311388032932,1,1,6,False,market_maker,uninformed
49,249.4911978937888,1,1,6,False,market_maker,uninformed
49,246.84952043366619,1,1,6,False,market_maker,uninformed
50,248.5748375296514,1,1,7,False,market_maker,uninformed
50,246.83887666936891,2,1,7,False,market_maker,uninformed
51,249.5759712892804,1,1,6,False,market_maker,uninformed
51,246.83159048684325,1,1,6,False,market_maker,uninformed
51,246.55463220666897,2,1,6,False,market_maker,uninformed
53,248.88354807872454,1,1,2,False,market_maker,informed
53,250.06119374635426,1,15,1,False,uninformed,market_maker
53,250.86103521643818,1,15,1,False,uninformed,market_maker
54,251.54040160989928,1,2,1,True,informed,market_maker
54,251.73289248047976,1,2,1,True,informed,market_maker
55,254.7506328005499,1,3,1,True,informed,market_maker
59,257.96883084854943,1,1,1,False,market_maker,market_maker
61,260.1616524469538,1,1,1,False,market_maker,market_maker
61,259.13162651388916,1,1,5,False,market_maker,uninformed
61,255.86319551015976,1,1,5,False,market_maker,uninformed
62,260.0098894931476,1,2,1,True,informed,market_maker
62,261.2794326508598,1,2,1,True,informed,market_maker
62,262.93378259226023,1,2,1,True,informed,market_maker
64,266.4193416889946,1,1,1,False,market_maker,market_maker
64,268.8772320278796,1,2,1,True,informed,market_maker
65,270.22309830715596,1,1,8,False,market_maker,uninformed
65,264.18103158218656,1,1,8,False,market_maker,uninformed
66,268.713099361189,1,15,1,False,uninformed,market_maker
66,272.64003315713296,1,15,1,False,uninformed,market_maker
68,276.50666280110056,1,2,1,True,informed,market_maker
70,280.6374936109557,1,1,1,False,market_maker,market_maker
72,283.28626926035764,1,1,1,False,market_maker,market_maker
72,284.6320097496442,1,9,1,False,uninformed,market_maker
72,286.7883676231593,1,9,1,False,uninformed,market_maker
73,291.1856223883316,1,4,1,True,informed,market_maker
75,295.8013421310818,1,1,1,False,market_maker,market_maker
75,293.267171960513,1,1,5,False,market_maker,uninformed
75,288.7004569456965,1,1,11,False,market_maker,uninformed
75,282.1721471030571,1,1,11,False,market_maker,uninformed
75,277.9059652472675,1,1,11,False,market_maker,uninformed
77,290.55870837872936,1,1,1,False,market_maker,market_maker
77,293.4764257782441,1,2,1,True,informed,market_maker
77,299.2108155966954,1,2,1,True,informed,market_maker
79,303.82040018964403,1,2,1,True,informed,market_maker
80,305.58771800081007,1,1,9,False,market_maker,uninformed
80,300.8846581312773,1,1,9,False,market_maker,uninformed
80,288.0507329686454,1,1,9,False,market_maker,uninformed
82,295.6240795105825,1,5,1,False,uninformed,market_maker
82,298.6450676099779,1,9,1,False,uninformed,market_maker
82,308.7371311826502,1,9,1,False,uninformed,market_maker
84,313.93252778683046,1,5,1,False,uninformed,market_maker
84,317.541757338903,1,5,1,False,uninformed,market_maker
86,323.3228909798444,1,7,1,False,uninformed,market_maker
89,329.34591694945766,1,1,1,False,market_maker,market_maker
89,333.47131044550207,1,5,1,False,uninformed,market_maker
91,339.8731295428415,1,5,1,False,uninformed,market_maker
92,342.34771275406246,1,1,12,False,market_maker,uninformed
93,343.46372907547436,1,1,11,False,market_maker,uninformed
93,346.5751208292773,1,13,1,False,uninformed,market_maker
93,347.721230434786,1,14,1,False,uninformed,market_maker
94,354.58328340933946,1,13,1,False,uninformed,market_maker
97,361.7680716506326,1,1,1,False,market_maker,market_maker
98,366.69735819881515,1,2,1,True,informed,market_maker
100,374.12519113294377,1,1,1,False,market_maker,market_maker
100,379.73711249486945,1,10,1,False,uninformed,market_maker
100,370.2736524011045,1,1,12,False,market_maker,uninformed
100,357.32682710350787,1,1,12,False,market_maker,uninformed
100,350.2476506819717,1,1,12,False,market_maker,uninformed
101,356.6114862222699,1,4,1,True,informed,market_maker
102,363.8947715730252,1,5,1,False,uninformed,market_maker
104,371.3699003719409,1,15,1,False,uninformed,market_maker
106,379.1915127874814,1,7,1,False,uninformed,market_maker
108,387.3624533473741,1,1,1,False,market_maker,market_maker
110,393.5792527289552,1,1,1,False,market_maker,market_maker
112,396.7540104907703,1,1,1,False,market_maker,market_maker
112,392.41498165912196,1,1,3,False,market_maker,informed
112,383.1582846331245,1,1,3,False,market_maker,informed
112,375.0640743525261,1,1,3,False,market_maker,informed
112,367.3395637408769,1,1,3,False,market_maker,informed
112,359.3133224857381,1,1,3,False,market_maker,informed
112,353.3405017100868,1,1,3,False,market_maker,informed
112,335.73974541974565,1,1,3,False,market_maker,informed
112,325.3829372847272,1,1,3,False,market_maker,informed
112,401.47047946731,1,13,1,False,uninformed,market_maker
112,403.0741516323184,1,13,1,False,uninformed,market_maker
114,405.68266208066945,1,1,2,False,market_maker,informed
114,319.3816258740952,1,1,2,False,market_maker,informed
114,313.5916531841803,1,1,2,False,market_maker,informed
114,310.3339514644883,1,1,2,False,market_maker,informed
114,295.16933876226653,1,1,2,False,market_maker,informed
114,292.6021774208137,1,1,2,False,market_maker,informed
114,273.95356414315086,1,1,2,False,market_maker,informed
114,266.30383751468474,1,1,2,False,market_maker,informed
114,257.8675889309917,1,1,5,False,market_maker,uninformed
116,336.78314835140156,1,4,1,True,informed,market_maker
116,410.54249497477525,1,4,1,True,informed,market_maker
117,331.80850805079,1,1,12,False,market_maker,uninformed
118,337.11744417960267,1,5,1,False,uninformed,market_maker
119,342.6798820085661,1,14,1,False,uninformed,market_maker
120,348.50544000271174,1,8,1,False,uninformed,market_maker
121,354.60428520275923,1,5,1,False,uninformed,market_maker
123,360.9871623364089,1,2,1,False,informed,market_maker
126,367.66542483963246,1,1,1,False,market_maker,market_maker
127,371.70974451286844,1,14,1,False,uninformed,market_maker
127,373.7389819089146,1,14,1,False,uninformed,market_maker
127,375.79855170251,1,14,1,False,uninformed,market_maker
132,382.39851376678536,1,1,2,False,market_maker,informed
132,377.67754446102253,1,1,2,False,market_maker,informed
132,370.2639633121932,1,1,2,False,market_maker,informed
132,366.23537419603684,1,1,2,False,market_maker,informed
132,362.25061740458636,1,1,2,False,market_maker,informed
132,355.6680980583675,1,1,2,False,market_maker,informed
132,349.3767036027185,1,1,2,False,market_maker,informed
132,343.36524177258326,1,1,2,False,market_maker,informed
133,366.23632268587556,1,7,1,False,uninformed,market_maker
133,383.3145227365602,1,7,1,False,uninformed,market_maker
133,388.1059542707672,1,7,1,False,uninformed,market_maker
135,389.0762191564441,1,1,4,True,market_maker,informed
135,360.8292903627574,1,1,4,True,market_maker,informed
135,337.62312034587205,1,1,4,True,market_maker,informed
135,332.1403165588408,1,1,4,True,market_maker,informed
135,252.7428784400973,1,1,4,True,market_maker,informed
135,249.74951174395088,1,1,4,True,market_maker,informed
135,246.45602760999216,1,1,4,True,market_maker,informed
135,246.41312955081258,1,1,4,True,market_maker,informed
135,246.41312955081258,1,1,13,False,market_maker,uninformed
135,246.35082011231884,2,1,13,False,market_maker,uninformed
137,319.5866469172889,1,1,4,True,market_maker,informed
137,246.19877511482818,1,1,4,True,market_maker,informed
137,246.07260122505792,1,1,4,True,market_maker,informed
137,246.01882232677326,1,1,4,True,market_maker,informed
137,245.83798372863947,1,1,4,True,market_maker,informed
138,283.51264539271966,1,1,4,True,market_maker,informed
138,245.7663059661924,1,1,4,True,market_maker,informed
138,245.71217775066742,1,1,4,True,market_maker,informed
138,245.7026737317863,1,1,4,True,market_maker,informed
138,245.69985729010497,1,1,4,True,market_maker,informed
138,245.4990612242283,1,1,4,True,market_maker,informed
138,245.49593359486417,1,1,4,True,market_maker,informed
141,243.2864701925104,1,1,8,False,market_maker,uninformed
142,242.92154048722165,1,1,5,False,market_maker,uninformed
142,246.10617814980978,1,6,1,False,uninformed,market_maker
142,246.5984558326387,1,6,1,False,uninformed,market_maker
142,242.43477817741083,1,1,12,False,market_maker,uninformed
144,243.7681694573866,1,8,1,False,uninformed,market_maker
144,246.96890919643337,1,8,1,False,uninformed,market_maker
144,287.78885422217246,1,8,1,False,uninformed,market_maker
145,240.13164778472543,1,1,4,False,market_maker,informed
145,324.3948712941789,1,14,1,False,uninformed,market_maker
145,394.8978084705056,1,14,1,False,uninformed,market_maker
147,397.8595420340344,1,7,1,False,uninformed,market_maker
147,397.8595420340344,1,7,1,False,uninformed,market_maker
150,395.668728465824,1,1,10,False,market_maker,uninformed
150,395.27345501081317,1,1,10,False,market_maker,uninformed
150,391.9360749069768,1,1,10,False,market_maker,uninformed
150,391.9360749069768,1,1,13,False,market_maker,uninformed
152,388.60461827026745,1,1,3,False,market_maker,informed
152,388.21601365199723,1,1,3,False,market_maker,informed
156,384.52796152230326,1,1,3,False,market_maker,informed
156,383.75890559925864,1,1,3,False,market_maker,informed
156,383.372262733948,1,1,3,False,market_maker,informed
158,383.55858165363674,1,11,1,False,uninformed,market_maker
158,384.9057517848838,1,11,1,False,uninformed,market_maker
160,386.0874174396689,1,3,1,False,informed,market_maker
160,389.17800119029243,1,3,1,False,informed,market_maker
160,389.570499323629,1,3,1,False,informed,market_maker
160,390.3512017270832,1,3,1,False,informed,market_maker
160,394.08917573447826,1,3,1,False,informed,market_maker
160,394.48365939387213,1,3,1,False,informed,market_maker
160,401.2413481413237,1,3,1,False,informed,market_maker
160,401.642589489465,1,3,1,False,informed,market_maker
162,399.23273395252824,1,1,9,False,market_maker,uninformed
162,380.32491867191266,1,1,9,False,market_maker,uninformed
162,379.15516784387455,1,1,9,False,market_maker,uninformed
163,394.479319391463,1,3,1,True,informed,market_maker
163,405.25737279487026,1,3,1,True,informed,market_maker
166,408.7020604636267,1,3,1,True,informed,market_maker
166,409.1107625240903,1,3,1,True,informed,market_maker
167,412.20836700472086,1,7,1,False,uninformed,market_maker
167,407.6496010935561,1,1,15,False,market_maker,uninformed
168,410.73699661467543,1,13,1,False,uninformed,market_maker
171,414.06154935144735,1,2,1,False,informed,market_maker
171,415.04904449147506,1,2,1,False,informed,market_maker
172,418.7736801601616,1,3,1,True,informed,market_maker
174,422.7247685012096,1,6,1,False,uninformed,market_maker
175,419.84657493800705,1,1,4,False,market_maker,informed
175,418.1727812603948,1,1,4,False,market_maker,informed
175,414.2297521342289,1,1,4,False,market_maker,informed
175,410.5374529164803,1,1,4,False,market_maker,informed
175,409.4661288609769,1,1,4,False,market_maker,informed
175,406.19280397681104,1,1,4,False,market_maker,informed
175,403.02582307157536,1,1,4,False,market_maker,informed
175,402.6231998717036,1,1,4,False,market_maker,informed
175,424.4145650226437,1,14,1,False,uninformed,market_maker
183,427.13744716967057,1,4,1,True,informed,market_maker
183,427.53242943676327,1,4,1,True,informed,market_maker
183,427.5969112161993,1,4,1,True,informed,market_maker
183,427.685574784314,1,4,1,True,informed,market_maker
183,427.75178350665124,1,4,1,True,informed,market_maker
183,427.79350336395026,1,4,1,True,informed,market_maker
183,427.87420676779044,1,4,1,True,informed,market_maker
185,431.15878833217715,1,5,1,False,uninformed,market_maker
186,434.6852419281098,1,3,1,True,informed,market_maker
187,438.44029532566157,1,5,1,False,uninformed,market_maker
189,442.440818621433,1,13,1,False,uninformed,market_maker
190,446.69906487158374,1,3,1,True,informed,market_maker
191,451.24218608911724,1,3,1,True,informed,market_maker
192,456.06817061496315,1,4,1,True,informed,market_maker
194,458.25068450777655,1,1,14,False,market_maker,uninformed
195,459.1082084755404,1,1,7,False,market_maker,uninformed
195,453.18483435460814,1,1,7,False,market_maker,uninformed
196,459.3008241574509,1,13,1,False,uninformed,market_maker
196,461.18274745198914,1,13,1,False,uninformed,market_maker
196,462.11713019460643,1,13,1,False,uninformed,market_maker
198,467.42449576380807,1,1,1,False,market_maker,market_maker
198,471.22434448701125,1,9,1,False,uninformed,market_maker
199,476.92984030650837,1,12,1,False,uninformed,market_maker
201,482.9503340560797,1,1,1,False,market_maker,market_maker
201,487.3000478602026,1,3,1,True,informed,market_maker
202,490.172411511669,1,1,7,False,market_maker,uninformed
203,492.7192412178311,1,2,1,True,informed,market_maker
203,493.68638511808,1,2,1,True,informed,market_maker
204,500.42956705299395,1,2,1,True,informed,market_maker
206,507.53659575358745,1,12,1,False,uninformed,market_maker
207,511.2307135867003,1,1,5,False,market_maker,uninformed
207,503.83155926051336,1,1,5,False,market_maker,uninformed
207,496.8169308855277,1,1,5,False,market_maker,uninformed
207,515.0082830270535,1,9,1,False,uninformed,market_maker
209,522.082273502212,1,1,1,False,market_maker,market_maker
209,527.2930756132882,1,12,1,False,uninformed,market_maker
210,534.7900905654386,1,12,1,False,uninformed,market_maker
213,542.6836078349753,1,12,1,False,uninformed,market_maker
215,550.9985204295664,1,1,1,False,market_maker,market_maker
216,557.2534130894032,1,2,1,False,informed,market_maker
218,565.8580638967986,1,1,1,False,market_maker,market_maker
220,572.6470931684429,1,1,1,False,market_maker,market_maker
220,572.1908679157232,1,1,3,True,market_maker,informed
220,562.0228441961536,1,1,3,True,market_maker,informed
220,546.8504182205887,1,1,3,True,market_maker,informed
220,538.6619552883416,1,1,3,True,market_maker,informed
220,530.869215249017,1,1,3,True,market_maker,informed
220,518.234458212436,1,1,3,True,market_maker,informed
221,535.6166357089146,1,1,4,True,market_maker,informed
221,489.21985180190774,1,1,4,True,market_maker,informed
221,539.2861594347341,1,12,1,False,uninformed,market_maker
224,535.5558595732538,1,1,1,False,market_maker,market_maker
224,533.4800212828976,1,1,12,False,market_maker,uninformed
224,529.0058409416764,1,1,12,False,market_maker,uninformed
224,479.4940836824541,1,1,12,False,market_maker,uninformed
226,513.5179487150349,1,6,1,False,uninformed,market_maker
226,517.4955985798583,1,6,1,False,uninformed,market_maker
226,540.1304536864094,1,13,1,False,uninformed,market_maker
228,534.5313021935104,1,13,1,False,uninformed,market_maker
228,539.1618796245945,1,13,1,False,uninformed,market_maker
230,542.3874221022296,1,5,1,False,uninformed,market_maker
232,545.9168097719228,1,1,1,False,market_maker,market_maker
234,549.3029800157499,1,1,1,False,market_maker,market_maker
234,553.0537350880142,1,6,1,False,uninformed,market_maker
235,554.9587720015475,1,10,1,False,uninformed,market_maker
236,555.0065687177165,1,1,3,False,market_maker,informed
236,548.9484041940128,1,1,3,False,market_maker,informed
236,545.367344532625,1,1,3,False,market_maker,informed
236,541.6288136148487,1,1,3,False,market_maker,informed
236,538.2780495476945,1,1,3,False,market_maker,informed
236,531.6045138260689,1,1,3,False,market_maker,informed
236,527.2102877426952,1,1,3,False,market_maker,informed
236,510.40542860298166,1,1,3,False,market_maker,informed
238,539.4023733655749,1,15,1,False,uninformed,market_maker
238,556.668623599846,1,15,1,False,uninformed,market_maker
238,558.4892352166224,1,15,1,False,uninformed,market_maker
240,552.6410832352005,1,1,12,False,market_maker,uninformed
240,548.0367090899882,1,1,12,False,market_maker,uninformed
240,531.9513834262698,1,1,12,False,market_maker,uninformed
241,532.0792200290332,1,1,4,True,market_maker,informed
241,507.2377883086393,1,1,4,True,market_maker,informed
241,473.5296625237934,1,1,4,True,market_maker,informed
241,464.2036387085185,1,1,4,True,market_maker,informed
241,456.2040049638833,1,1,4,True,market_maker,informed
241,448.40973056225243,1,1,4,True,market_maker,informed
241,443.9343030133609,1,1,4,True,market_maker,informed
241,439.70105557379804,1,1,4,True,market_maker,informed
241,435.71172619176724,1,1,8,False,market_maker,uninformed
241,431.94392261956625,1,1,8,False,market_maker,uninformed
241,428.4404930643139,1,1,8,False,market_maker,uninformed
242,479.0032524548002,1,1,7,False,market_maker,uninformed
242,424.2333880462711,1,1,7,False,market_maker,uninformed
249,451.8584064544744,1,1,6,False,market_maker,uninformed
249,451.8515965028393,1,1,6,False,market_maker,uninformed
250,451.8378805881665,1,1,9,False,market_maker,uninformed
250,451.8102553823803,1,1,9,False,market_maker,uninformed
250,451.75461549157217,1,1,9,False,market_maker,uninformed
250,451.6425512603374,1,1,9,False,market_maker,uninformed
250,458.2221124656185,1,14,1,False,uninformed,market_maker
250,458.23582838029137,1,14,1,False,uninformed,market_maker
250,458.4649462944815,1,14,1,False,uninformed,market_maker
252,457.64151005616844,1,3,1,True,informed,market_maker
252,457.95525861397516,1,3,1,True,informed,market_maker
252,458.57870333887684,1,3,1,True,informed,market_maker
252,458.63518371141924,1,3,1,True,informed,market_maker
252,458.66322621638653,1,3,1,True,informed,market_maker
253,458.6771493201027,1,11,1,False,uninformed,market_maker
254,458.68406214109785,1,4,1,True,informed,market_maker
254,459.1424190442259,1,4,1,True,informed,market_maker
254,459.8276418092252,1,4,1,True,informed,market_maker
254,485.2676244171389,1,4,1,True,informed,market_maker
254,538.5932488702931,1,4,1,True,informed,market_maker
254,555.9920715715258,1,4,1,True,informed,market_maker
254,560.7719420619364,1,4,1,True,informed,market_maker
254,452.99513598739424,1,1,7,False,market_maker,uninformed
254,452.3167141030333,1,1,7,False,market_maker,uninformed
254,451.41684283891794,1,1,7,False,market_maker,uninformed
255,512.9158736497888,1,10,1,False,uninformed,market_maker
257,540.449418117137,1,2,1,False,informed,market_maker
257,562.7722463818749,1,2,1,False,informed,market_maker
257,576.0951086972486,1,2,1,False,informed,market_maker
257,581.2597210100879,1,2,1,False,informed,market_maker
257,532.4388042122388,1,1,11,False,market_maker,uninformed
258,539.6267280691039,1,3,1,False,informed,market_maker
258,531.6401460059204,1,1,6,False,market_maker,uninformed
258,505.3096076045621,1,1,6,False,market_maker,uninformed
258,451.3965596483551,1,1,6,False,market_maker,uninformed
258,451.13029201764175,1,1,10,False,market_maker,uninformed
259,456.54385552185346,1,2,1,False,informed,market_maker
262,450.82121929527176,1,1,3,True,market_maker,informed
262,449.7769011415888,1,1,3,True,market_maker,informed
262,423.93044776597884,1,1,3,True,market_maker,informed
262,423.73563088220664,1,1,3,True,market_maker,informed
262,423.34461286869697,1,1,3,True,market_maker,informed
262,423.23100401563147,1,1,3,True,market_maker,informed
262,422.9952076977448,1,1,3,True,market_maker,informed
262,422.54051200566215,1,1,3,True,market_maker,informed
263,426.13210635771026,1,13,1,False,uninformed,market_maker
265,424.2106766901434,1,1,4,False,market_maker,informed
265,423.575313719564,1,1,4,False,market_maker,informed
265,419.7939986776253,1,1,4,False,market_maker,informed
265,388.6061781598283,1,1,4,False,market_maker,informed
265,377.828124756421,1,1,4,False,market_maker,informed
265,429.9672953149297,1,12,1,False,uninformed,market_maker
265,430.61224625790203,1,12,1,False,uninformed,market_maker
266,427.38265441096775,1,1,6,False,market_maker,uninformed
267,430.37433299184454,1,12,1,False,uninformed,market_maker
267,433.8418381048363,1,12,1,False,uninformed,market_maker
268,430.80494523810245,1,1,6,False,market_maker,uninformed
268,423.96359317568,1,1,6,False,market_maker,uninformed
271,420.57188443027457,1,1,2,True,market_maker,informed
275,416.99702341261724,1,1,8,False,market_maker,uninformed
275,416.5800263892046,1,1,8,False,market_maker,uninformed
275,416.3701726371722,1,1,8,False,market_maker,uninformed
277,417.40589344160713,1,9,1,False,uninformed,market_maker
280,416.4005088962632,1,15,1,False,uninformed,market_maker
281,416.6062525459338,1,12,1,False,uninformed,market_maker
282,417.1056788725481,1,7,1,False,uninformed,market_maker
282,418.45202350035805,1,11,1,False,uninformed,market_maker
282,422.6692675333473,1,11,1,False,uninformed,market_maker
283,416.08024672474005,1,1,2,True,market_maker,informed
285,414.15793638600286,1,1,2,True,market_maker,informed
285,414.1575959662775,1,1,2,True,market_maker,informed
285,412.2064709108004,1,1,2,True,market_maker,informed
285,411.891498549788,1,1,2,True,market_maker,informed
285,411.4619290127398,1,1,2,True,market_maker,informed
285,411.2530165875187,1,1,2,True,market_maker,informed
285,411.1759547335235,1,1,2,True,market_maker,informed
286,408.1287128628788,1,1,9,False,market_maker,uninformed
289,404.9745026646186,1,1,9,False,market_maker,uninformed
289,403.52401564041793,1,1,9,False,market_maker,uninformed
293,400.174425881329,1,1,7,False,market_maker,uninformed
293,398.17184178147795,1,1,7,False,market_maker,uninformed
295,394.46553252239596,1,1,3,False,market_maker,informed
295,392.0845311759972,1,1,3,False,market_maker,informed
296,394.73169655681147,1,11,1,False,uninformed,market_maker
296,397.1000889391822,1,11,1,False,uninformed,market_maker
296,400.8258853873316,1,11,1,False,uninformed,market_maker
298,397.0545280242292,1,1,5,False,market_maker,uninformed
299,396.2242737396332,1,13,1,False,uninformed,market_maker
299,400.18815801117336,1,13,1,False,uninformed,market_maker
299,402.8383652431027,1,13,1,False,uninformed,market_maker
302,397.6705415854321,1,6,1,False,uninformed,market_maker
302,399.4477660079095,1,6,1,False,uninformed,market_maker
305,398.26784055762613,1,1,14,False,market_maker,uninformed
305,396.8434639388273,1,1,14,False,market_maker,uninformed
307,396.2917583385013,1,1,7,False,market_maker,uninformed
307,394.80648549481765,1,1,7,False,market_maker,uninformed
307,394.4881549014198,1,1,7,False,market_maker,uninformed
308,393.77437577979356,1,1,9,False,market_maker,uninformed
308,393.12012797253453,1,1,9,False,market_maker,uninformed
310,391.40945881009696,1,1,1,False,market_maker,market_maker
310,391.76349203893744,1,3,1,False,informed,market_maker
310,394.5227969299215,1,3,1,False,informed,market_maker
310,396.9019378419554,1,3,1,False,informed,market_maker
310,397.95868226596775,1,3,1,False,informed,market_maker
310,400.05697873913334,1,3,1,False,informed,market_maker
310,401.43154998724157,1,3,1,False,informed,market_maker
310,406.21641079834524,1,3,1,False,informed,market_maker
310,408.01789335823594,1,3,1,False,informed,market_maker
310,388.6672379109009,1,1,7,False,market_maker,uninformed
310,387.3065985519052,1,1,7,False,market_maker,uninformed
311,384.2348847201741,1,1,12,False,market_maker,uninformed
314,380.9736756092889,1,1,2,True,market_maker,informed
314,379.2526500936965,1,1,2,True,market_maker,informed
314,378.40774734686477,1,1,2,True,market_maker,informed
316,374.63452162060815,1,1,3,True,market_maker,informed
316,372.3899769241541,1,1,3,True,market_maker,informed
317,368.4983020696249,1,1,9,False,market_maker,uninformed
320,364.447039445398,1,1,1,False,market_maker,market_maker
320,361.7527124847072,1,1,4,True,market_maker,informed
322,357.62911419640625,1,1,1,False,market_maker,market_maker
322,354.7613329761807,1,1,3,False,market_maker,informed
324,350.619658564143,1,1,1,False,market_maker,market_maker
324,352.87206472762335,1,11,1,False,uninformed,market_maker
324,360.08826737325285,1,11,1,False,uninformed,market_maker
324,367.02209016280744,1,11,1,False,uninformed,market_maker
326,355.42884777454503,1,1,4,False,market_maker,informed
326,347.6275515317097,1,1,4,False,market_maker,informed
328,346.369912680751,1,3,1,True,informed,market_maker
328,358.2360256534756,1,3,1,True,informed,market_maker
328,371.0681921017452,1,3,1,True,informed,market_maker
328,375.37097719105975,1,3,1,True,informed,market_maker
328,377.64008010495905,1,3,1,True,informed,market_maker
328,381.44757561849667,1,3,1,True,informed,market_maker
328,382.3164529345197,1,3,1,True,informed,market_maker
328,384.03797986857774,1,3,1,True,informed,market_maker
329,387.2798595952211,1,4,1,False,informed,market_maker
329,411.3449649210335,1,4,1,False,informed,market_maker
329,417.4745991717443,1,4,1,False,informed,market_maker
329,417.47493959146965,1,4,1,False,informed,market_maker
329,419.42606464694677,1,4,1,False,informed,market_maker
329,422.8822960773923,1,4,1,False,informed,market_maker
329,423.30560167907134,1,4,1,False,informed,market_maker
329,426.9313383279097,1,4,1,False,informed,market_maker
329,343.32314955816105,1,1,13,False,market_maker,uninformed
332,341.21752192105373,1,1,13,False,market_maker,uninformed
332,340.7287018744496,1,1,13,False,market_maker,uninformed
336,344.26471687817906,1,15,1,False,uninformed,market_maker
336,344.31769434766437,1,15,1,False,uninformed,market_maker
339,340.72619903229224,1,1,3,True,market_maker,informed
339,340.15100962819764,1,1,3,True,market_maker,informed
339,340.14905617949773,1,1,3,True,market_maker,informed
339,340.1365517283601,1,1,3,True,market_maker,informed
339,339.917668328778,1,1,3,True,market_maker,informed
339,339.8076308017167,1,1,3,True,market_maker,informed
339,339.75161066170773,1,1,3,True,market_maker,informed
341,336.157123437289,1,1,11,False,market_maker,uninformed
341,334.81535868949675,1,1,11,False,market_maker,uninformed
343,330.9430517515465,1,1,6,False,market_maker,uninformed
343,333.66165308457846,1,8,1,False,uninformed,market_maker
343,335.339512040552,1,8,1,False,uninformed,market_maker
343,339.2627089148725,1,8,1,False,uninformed,market_maker
344,329.2894978885595,1,1,3,False,market_maker,informed
348,327.635857907604,1,4,1,True,informed,market_maker
348,328.4489601404768,1,4,1,True,informed,market_maker
348,329.92068036165546,1,4,1,True,informed,market_maker
348,340.6280850008328,1,4,1,True,informed,market_maker
348,344.4268556991861,1,4,1,True,informed,market_maker
348,344.6463838700253,1,4,1,True,informed,market_maker
348,344.6594685759149,1,4,1,True,informed,market_maker
348,344.6614220246148,1,4,1,True,informed,market_maker
349,345.0854540457102,1,7,1,False,uninformed,market_maker
349,345.23112260433095,1,7,1,False,uninformed,market_maker
349,345.2336254464883,1,7,1,False,uninformed,market_maker
350,380.3203260597668,1,1,12,False,market_maker,uninformed
351,357.4089156463991,1,12,1,False,uninformed,market_maker
352,365.3796413223105,1,1,6,False,market_maker,uninformed
352,352.0903305921372,1,1,6,False,market_maker,uninformed
352,325.6947099344665,1,1,6,False,market_maker,uninformed
352,324.21616089931257,1,1,6,False,market_maker,uninformed
355,349.1376885833408,1,4,1,True,informed,market_maker
359,349.2224910475666,1,9,1,False,uninformed,market_maker
359,349.31113005804684,1,9,1,False,uninformed,market_maker
360,349.48717575909984,1,3,1,True,informed,market_maker
360,370.8961935315049,1,3,1,True,informed,market_maker
360,383.44996396711895,1,3,1,True,informed,market_maker
360,437.31257280967503,1,3,1,True,informed,market_maker
362,441.68569853777177,1,10,1,False,uninformed,market_maker
362,442.7899127841162,1,10,1,False,uninformed,market_maker
364,447.6606018247415,1,4,1,False,informed,market_maker
365,452.808698745726,1,2,1,False,informed,market_maker
365,446.09378971835486,1,1,7,False,market_maker,uninformed
365,441.0187531329797,1,1,7,False,market_maker,uninformed
366,439.2546781204478,1,1,4,False,market_maker,informed
366,436.21382497049075,1,1,4,False,market_maker,informed
366,435.12600994562666,1,1,4,False,market_maker,informed
366,344.2787230652235,1,1,4,False,market_maker,informed
366,344.1078858168644,1,1,4,False,market_maker,informed
366,344.0205671491421,1,1,4,False,market_maker,informed
366,343.9344443421583,1,1,4,False,market_maker,informed
366,323.56416565200203,1,1,4,False,market_maker,informed
366,445.8699594174425,1,11,1,False,uninformed,market_maker
369,442.52593472181167,1,1,3,True,market_maker,informed
369,442.52593472181167,1,1,3,True,market_maker,informed
369,442.52593472181167,1,1,3,True,market_maker,informed
371,438.54320130931535,1,1,15,False,market_maker,uninformed
371,437.88538650735137,1,1,15,False,market_maker,uninformed
373,433.5065326422778,1,1,12,False,market_maker,uninformed
374,432.42276631067216,1,1,13,False,market_maker,uninformed
375,431.12386004671623,1,1,4,False,market_maker,informed
375,429.6132926664414,1,1,4,False,market_maker,informed
376,436.12916667048245,1,4,1,True,informed,market_maker
376,437.6593404920934,1,4,1,True,informed,market_maker
376,438.9746264062884,1,4,1,True,informed,market_maker
376,440.07481343988815,1,4,1,True,informed,market_maker
376,444.51331869464735,1,4,1,True,informed,market_maker
376,445.1810903301425,1,4,1,True,informed,market_maker
376,449.2139841130733,1,4,1,True,informed,market_maker
376,449.2139841130733,1,4,1,True,informed,market_maker
377,445.62027224016873,1,1,12,False,market_maker,uninformed
380,448.06828720572014,1,5,1,False,uninformed,market_maker
380,448.51680400972987,1,10,1,False,uninformed,market_maker
380,441.8324999261273,1,1,13,False,market_maker,uninformed
380,441.39066742620116,1,1,13,False,market_maker,uninformed
383,442.675824338576,1,2,1,True,informed,market_maker
383,443.13717507925463,1,2,1,True,informed,market_maker
383,449.2139841130733,1,2,1,True,informed,market_maker
383,452.35848200186484,1,2,1,True,informed,market_maker
385,455.1418233446514,1,5,1,False,uninformed,market_maker
388,453.5378877164885,1,1,2,False,market_maker,informed
388,450.47985762308195,1,1,2,False,market_maker,informed
390,450.9134590685375,1,4,1,True,informed,market_maker
390,451.1709988491475,1,4,1,True,informed,market_maker
390,458.1111844428483,1,4,1,True,informed,market_maker
393,461.40709055079367,1,13,1,False,uninformed,market_maker
393,462.32663604592227,1,13,1,False,uninformed,market_maker
395,466.10727577270535,1,3,1,False,informed,market_maker
395,467.50218436497164,1,3,1,False,informed,market_maker
396,471.7493866583397,1,10,1,False,uninformed,market_maker
399,473.9975929069372,1,1,14,False,market_maker,uninformed
399,471.8547303377798,1,1,14,False,market_maker,uninformed
399,466.9949995465234,1,1,14,False,market_maker,uninformed
399,462.70732923887283,1,1,15,False,market_maker,uninformed
399,461.31995613541477,1,1,15,False,market_maker,uninformed
399,457.5642872047927,1,1,15,False,market_maker,uninformed
401,465.00140812194496,1,1,3,False,market_maker,informed
401,456.64772307267435,1,1,3,False,market_maker,informed
401,446.5986608130178,1,1,3,False,market_maker,informed
401,446.4075400940465,1,1,3,False,market_maker,informed
401,438.76137843829525,1,1,3,False,market_maker,informed
401,438.34083062545636,1,1,3,False,market_maker,informed
402,468.9349086753513,1,8,1,False,uninformed,market_maker
402,475.8897874588246,1,8,1,False,uninformed,market_maker
402,478.011775219752,1,8,1,False,uninformed,market_maker
403,480.8818608531021,1,9,1,False,uninformed,market_maker
404,484.72891573992695,1,14,1,False,uninformed,market_maker
406,488.8491115237163,1,6,1,False,uninformed,market_maker
406,489.33796063524005,1,6,1,False,uninformed,market_maker
407,493.98667126127486,1,5,1,False,uninformed,market_maker
407,486.64660185174625,1,1,14,False,market_maker,uninformed
407,482.0597559654051,1,1,14,False,market_maker,uninformed
412,481.57817778761745,1,1,6,False,market_maker,uninformed
413,486.39829376909375,1,11,1,False,uninformed,market_maker
413,488.34412990036077,1,11,1,False,uninformed,market_maker
413,488.34412990036077,1,13,1,False,uninformed,market_maker
421,488.34412990036077,1,13,1,False,uninformed,market_maker
421,488.34412990036077,1,13,1,False,uninformed,market_maker
423,489.5613603133433,1,12,1,False,uninformed,market_maker
423,490.1705623555705,1,12,1,False,uninformed,market_maker
424,490.4736403715785,1,7,1,False,uninformed,market_maker
424,490.6244216845425,1,7,1,False,uninformed,market_maker
424,490.699435387742,1,7,1,False,uninformed,market_maker
425,490.701462579553,1,1,1,False,market_maker,market_maker
426,490.7146029803971,1,1,1,False,market_maker,market_maker
427,491.3361336154912,1,1,1,False,market_maker,market_maker
428,492.7785070738748,1,10,1,False,uninformed,market_maker
429,494.6563121745281,1,1,1,False,market_maker,market_maker
430,494.66495518774525,1,1,1,False,market_maker,market_maker
431,494.9357448928461,1,1,1,False,market_maker,market_maker
431,495.416203428329,1,2,1,False,informed,market_maker
431,498.22986239891566,1,2,1,False,informed,market_maker
431,498.2728534721164,1,2,1,False,informed,market_maker
431,498.40946987254114,1,2,1,False,informed,market_maker
433,501.2645059321001,1,1,4,False,market_maker,informed
433,492.72402020988113,1,1,4,False,market_maker,informed
433,489.4682361052606,1,1,4,False,market_maker,informed
433,487.3727938535437,1,1,4,False,market_maker,informed
433,485.10157584320547,1,1,4,False,market_maker,informed
433,483.4707368054376,1,1,4,False,market_maker,informed
433,483.4118200106964,1,1,5,False,market_maker,uninformed
433,483.3379203723958,1,1,5,False,market_maker,uninformed
433,504.02739480081533,1,11,1,False,uninformed,market_maker
435,508.07926144679993,1,2,1,True,informed,market_maker
437,512.4197445282077,1,8,1,False,uninformed,market_maker
440,517.0850735457515,1,7,1,False,uninformed,market_maker
441,520.1817872242956,1,1,1,False,market_maker,market_maker
442,522.0464079160911,1,1,13,False,market_maker,uninformed
443,523.5621715619279,1,12,1,False,uninformed,market_maker
443,525.0092297635097,1,12,1,False,uninformed,market_maker
444,525.2720400378876,1,1,1,False,market_maker,market_maker
445,528.8255231100911,1,15,1,False,uninformed,market_maker
446,530.6265378076869,1,1,1,False,market_maker,market_maker
446,527.3422273192898,1,1,4,True,market_maker,informed
446,521.7889407697269,1,1,4,True,market_maker,informed
446,516.9926699224028,1,1,4,True,market_maker,informed
446,513.9034524450025,1,1,4,True,market_maker,informed
446,509.32765024130697,1,1,4,True,market_maker,informed
446,505.01580210283885,1,1,4,True,market_maker,informed
446,483.18937838586197,1,1,4,True,market_maker,informed
446,482.8908015285076,1,1,4,True,market_maker,informed
449,510.2274186071417,1,1,10,False,market_maker,uninformed
449,509.6982528124502,1,1,10,False,market_maker,uninformed
449,508.64346649057245,1,1,10,False,market_maker,uninformed
452,496.6148919264008,1,1,3,True,market_maker,informed
452,495.7926989627569,1,1,3,True,market_maker,informed
452,482.290647041363,1,1,3,True,market_maker,informed
452,481.08430636368547,1,1,3,True,market_maker,informed
452,481.08430636368547,1,1,3,True,market_maker,informed
452,481.08430636368547,1,1,3,True,market_maker,informed
452,481.08430636368547,1,1,3,True,market_maker,informed
452,479.16739742961266,1,1,3,True,market_maker,informed
453,485.5633661738216,1,1,13,False,market_maker,uninformed
453,477.51568782713036,1,1,13,False,market_maker,uninformed
453,475.14168958640187,1,1,13,False,market_maker,uninformed
456,471.1251765463872,1,1,7,False,market_maker,uninformed
456,469.37098255054497,1,1,7,False,market_maker,uninformed
459,466.47257087956746,1,9,1,False,uninformed,market_maker
460,466.70219240284433,1,14,1,False,uninformed,market_maker
460,467.55502491155875,1,14,1,False,uninformed,market_maker
460,469.6748607578015,1,14,1,False,uninformed,market_maker
464,466.0175585500725,1,1,2,True,market_maker,informed
464,464.8427655003335,1,1,2,True,market_maker,informed
464,464.8405255470802,1,1,2,True,market_maker,informed
464,464.28343446191474,1,1,2,True,market_maker,informed
464,462.75727202841466,1,1,2,True,market_maker,informed
464,461.96600684740025,1,1,2,True,market_maker,informed
464,461.7294294754712,1,1,2,True,market_maker,informed
467,456.6817871335758,1,1,9,False,market_maker,uninformed
467,454.17894691381616,1,1,9,False,market_maker,uninformed
469,449.01364139044904,1,1,11,False,market_maker,uninformed
474,443.82999519345867,1,1,1,False,market_maker,market_maker
474,440.7843994855443,1,1,9,False,market_maker,uninformed
477,435.750058355885,1,1,1,False,market_maker,market_maker
478,432.24590880900007,1,1,11,False,market_maker,uninformed
478,438.76619022343493,1,14,1,False,uninformed,market_maker
478,447.46208296658267,1,14,1,False,uninformed,market_maker
479,445.66079779818773,1,14,1,False,uninformed,market_maker
479,452.9857471803898,1,14,1,False,uninformed,market_maker
481,446.4185399121391,1,6,1,False,uninformed,market_maker
481,449.3425439179099,1,6,1,False,uninformed,market_maker
481,458.23165024863715,1,6,1,False,uninformed,market_maker
486,449.251007658908,1,1,1,False,market_maker,market_maker
489,446.9434192817609,1,1,1,False,market_maker,market_maker
489,447.088978424964,1,12,1,False,uninformed,market_maker
489,447.975075198829,1,12,1,False,uninformed,market_maker
490,445.8833116177356,1,1,11,False,market_maker,uninformed
490,445.58545315480194,1,1,11,False,market_maker,uninformed
490,445.32218354749205,1,1,11,False,market_maker,uninformed
491,445.41240168846457,1,3,1,True,informed,market_maker
491,447.85315594653366,1,3,1,True,informed,market_maker
491,449.7000823388766,1,3,1,True,informed,market_maker
491,450.83280536281285,1,3,1,True,informed,market_maker
491,444.1852089137053,1,1,10,False,market_maker,uninformed
492,448.65877918400815,1,9,1,False,uninformed,market_maker
494,447.6988186940346,1,9,1,False,uninformed,market_maker
494,449.27123325305786,1,9,1,False,uninformed,market_maker
496,449.99793174387975,1,3,1,True,informed,market_maker
496,453.03665530046254,1,3,1,True,informed,market_maker
496,461.23631866366094,1,3,1,True,informed,market_maker
496,468.979707981745,1,3,1,True,informed,market_maker
496,469.5845892631201,1,3,1,True,informed,market_maker
496,470.74947384110567,1,3,1,True,informed,market_maker
496,474.2720539394441,1,3,1,True,informed,market_maker
496,475.8322107993118,1,3,1,True,informed,market_maker
499,470.90106542289976,1,4,1,True,informed,market_maker
499,471.90001647210926,1,4,1,True,informed,market_maker
499,490.28334542142363,1,4,1,True,informed,market_maker
499,500.28662840057024,1,4,1,True,informed,market_maker
499,501.45659409165296,1,4,1,True,informed,market_maker
499,511.8004980318178,1,4,1,True,informed,market_maker
499,514.3172655857685,1,4,1,True,informed,market_maker
499,514.8465778650811,1,4,1,True,informed,market_maker
500,506.1486980475926,1,14,1,False,uninformed,market_maker
500,534.5942204448256,1,14,1,False,uninformed,market_maker
501,541.2808472958277,1,7,1,False,uninformed,market_maker
503,548.7625081045687,1,11,1,False,uninformed,market_maker
506,555.3562183738738,1,1,11,False,market_maker,uninformed
506,553.2718162159341,1,1,11,False,market_maker,uninformed
506,549.1414984355401,1,1,11,False,market_maker,uninformed
506,541.3771183492283,1,1,13,False,market_maker,uninformed
512,550.5759255137185,1,1,2,True,market_maker,informed
512,550.2104778017645,1,1,2,True,market_maker,informed
512,549.4612940683282,1,1,2,True,market_maker,informed
512,548.0012571492952,1,1,2,True,market_maker,informed
512,545.0682626324827,1,1,2,True,market_maker,informed
512,534.8573184596062,1,1,2,True,market_maker,informed
512,501.50443105921624,1,1,2,True,market_maker,informed
512,467.54713122778384,1,1,2,True,market_maker,informed
514,506.71442704444325,1,1,11,False,market_maker,uninformed
514,467.13902214564047,1,1,11,False,market_maker,uninformed
515,484.1992574852915,1,15,1,False,uninformed,market_maker
516,492.4555636720221,1,1,7,False,market_maker,uninformed
516,476.9939113917604,1,1,7,False,market_maker,uninformed
519,469.57284813076757,1,1,3,False,market_maker,informed
519,469.57284813076757,1,1,3,False,market_maker,informed
519,469.57284813076757,1,1,3,False,market_maker,informed
519,446.35178944481726,1,1,3,False,market_maker,informed
519,445.5595564175295,1,1,3,False,market_maker,informed
519,444.93704231176764,1,1,3,False,market_maker,informed
519,444.14790443425215,1,1,3,False,market_maker,informed
519,444.0000632127057,1,1,3,False,market_maker,informed
519,476.6696669942049,1,6,1,False,uninformed,market_maker
519,476.6696669942049,1,9,1,False,uninformed,market_maker
519,476.6696669942049,1,9,1,False,uninformed,market_maker
519,499.89072568015524,1,9,1,False,uninformed,market_maker
520,481.4916921577865,1,2,1,False,informed,market_maker
520,514.3610230259992,1,2,1,False,informed,market_maker
520,552.4071087284907,1,11,1,False,uninformed,market_maker
521,510.7902494509409,1,1,6,False,market_maker,uninformed
521,518.5138923357838,1,12,1,False,uninformed,market_maker
521,555.5102287541637,1,12,1,False,uninformed,market_maker
521,556.6149553951659,1,12,1,False,uninformed,market_maker
523,512.3005139445207,1,1,12,False,market_maker,uninformed
523,512.0444916986713,1,1,12,False,market_maker,uninformed
524,474.30882255821734,1,1,6,False,market_maker,uninformed
524,443.354923583223,1,1,6,False,market_maker,uninformed
524,442.92711094412016,1,1,11,False,market_maker,uninformed
525,476.66412325788787,1,1,6,False,market_maker,uninformed
525,442.6924251796001,1,1,6,False,market_maker,uninformed
525,442.5514368904789,1,1,14,False,market_maker,uninformed
528,457.7103934176039,1,1,2,True,market_maker,informed
528,456.1084070406423,1,1,2,True,market_maker,informed
528,455.30420987940755,1,1,2,True,market_maker,informed
528,441.71975216504313,1,1,2,True,market_maker,informed
530,440.16887411519167,1,5,1,False,uninformed,market_maker
530,442.60319166937325,1,5,1,False,uninformed,market_maker
530,462.209733790622,1,6,1,False,uninformed,market_maker
530,463.0261280776591,1,6,1,False,uninformed,market_maker
530,464.65241151797204,1,6,1,False,uninformed,market_maker
531,461.9997134294941,1,7,1,False,uninformed,market_maker
531,455.10076300496206,1,1,13,False,market_maker,uninformed
532,461.9997134294941,1,4,1,True,informed,market_maker
535,464.796794990055,1,1,5,False,market_maker,uninformed
535,463.6348030025798,1,1,5,False,market_maker,uninformed
535,455.10076300496206,1,1,5,False,market_maker,uninformed
536,454.90509876020127,1,2,1,True,informed,market_maker
536,470.6595727450432,1,2,1,True,informed,market_maker
536,471.8391706717225,1,2,1,True,informed,market_maker
536,483.8826612173713,1,2,1,True,informed,market_maker
536,519.7793027515214,1,2,1,True,informed,market_maker
536,520.0391924028971,1,2,1,True,informed,market_maker
536,556.9993178217853,1,2,1,True,informed,market_maker
536,557.718201210437,1,2,1,True,informed,market_maker
538,506.87898229298867,1,5,1,False,uninformed,market_maker
538,506.87898229298867,1,5,1,False,uninformed,market_maker
538,558.1060577424531,1,5,1,False,uninformed,market_maker
541,534.8255999194416,1,9,1,False,uninformed,market_maker
542,528.9177187915917,1,1,12,False,market_maker,uninformed
543,535.6278383193209,1,10,1,False,uninformed,market_maker
543,536.0265508040607,1,10,1,False,uninformed,market_maker
545,530.6369107907882,1,1,8,False,market_maker,uninformed
545,529.9774156791656,1,1,8,False,market_maker,uninformed
545,528.6517973643461,1,1,8,False,market_maker,uninformed
547,529.2935141209872,1,1,3,True,market_maker,informed
547,528.8834216622448,1,1,3,True,market_maker,informed
547,528.0578706632668,1,1,3,True,market_maker,informed
547,527.6650855197273,1,1,3,True,market_maker,informed
547,526.8747733596879,1,1,3,True,market_maker,informed
547,499.3323969486762,1,1,3,True,market_maker,informed
547,499.3323969486762,1,1,3,True,market_maker,informed
547,448.1053214992117,1,1,3,True,market_maker,informed
548,481.1972318975712,1,1,3,True,market_maker,informed
548,435.97739538689757,1,1,3,True,market_maker,informed
548,433.57951971226964,1,1,3,True,market_maker,informed
551,428.3765654757224,1,1,4,False,market_maker,informed
551,426.4488709310816,1,1,4,False,market_maker,informed
551,425.4821321169443,1,1,4,False,market_maker,informed
552,426.12035531511975,1,12,1,False,uninformed,market_maker
552,431.94188108633114,1,12,1,False,uninformed,market_maker
552,432.9232971091851,1,12,1,False,uninformed,market_maker
553,428.5911183747931,1,2,1,True,informed,market_maker
553,434.88025827140643,1,2,1,True,informed,market_maker
553,488.49178316433586,1,2,1,True,informed,market_maker
553,536.6294401817154,1,2,1,True,informed,market_maker
553,536.8685764935823,1,2,1,True,informed,market_maker
553,536.895361608961,1,2,1,True,informed,market_maker
553,537.284860584817,1,2,1,True,informed,market_maker
553,537.967024960761,1,2,1,True,informed,market_maker
553,538.6364622097448,1,3,1,True,informed,market_maker
553,560.7778110185023,1,3,1,True,informed,market_maker
553,562.8547040243093,1,3,1,True,informed,market_maker
555,567.6389690085159,1,5,1,False,uninformed,market_maker
555,568.2066079775244,1,5,1,False,uninformed,market_maker
556,573.6045707533109,1,12,1,False,uninformed,market_maker
557,565.081471633648,1,1,14,False,market_maker,uninformed
558,570.4497456141677,1,2,1,True,informed,market_maker
558,561.973523539663,1,1,14,False,market_maker,uninformed
561,567.3122720132899,1,7,1,False,uninformed,market_maker
564,568.8873794838416,1,3,1,True,informed,market_maker
564,570.3074846807701,1,3,1,True,informed,market_maker
567,571.0161002680231,1,6,1,False,uninformed,market_maker
567,573.0104164003949,1,6,1,False,uninformed,market_maker
570,570.0050635600581,1,1,3,False,market_maker,informed
570,574.0078260528824,1,12,1,False,uninformed,market_maker
570,574.5045360598211,1,12,1,False,uninformed,market_maker
570,576.8342093054927,1,12,1,False,uninformed,market_maker
571,577.9998133215466,1,12,1,False,uninformed,market_maker
572,578.5808669235495,1,6,1,False,uninformed,market_maker
572,581.1745286993606,1,6,1,False,uninformed,market_maker
572,583.3450863308474,1,6,1,False,uninformed,market_maker
573,583.3450863308474,1,1,11,False,market_maker,uninformed
573,574.7114639381857,1,1,11,False,market_maker,uninformed
573,572.5687854313543,1,1,11,False,market_maker,uninformed
575,586.360297670652,1,4,1,False,informed,market_maker
575,592.0952626258102,1,4,1,False,informed,market_maker
576,594.1136152051638,1,1,5,False,market_maker,uninformed
576,582.1367546780193,1,1,5,False,market_maker,uninformed
576,569.4326224126304,1,1,5,False,market_maker,uninformed
577,598.3662437232178,1,11,1,False,uninformed,market_maker
577,568.284295135945,1,1,12,False,market_maker,uninformed
577,565.9807298868267,1,1,12,False,market_maker,uninformed
579,565.4913894645606,1,1,3,True,market_maker,informed
579,564.5087781748698,1,1,3,True,market_maker,informed
579,562.5356631353297,1,1,3,True,market_maker,informed
579,561.8375715419468,1,1,3,True,market_maker,informed
579,560.4343723592674,1,1,3,True,market_maker,informed
579,559.7553445965995,1,1,3,True,market_maker,informed
579,559.1961484481512,1,1,3,True,market_maker,informed
579,558.8826691601948,1,1,3,True,market_maker,informed
581,561.9043811268424,1,15,1,False,uninformed,market_maker
582,558.3272357838183,1,1,3,True,market_maker,informed
582,557.4893585273551,1,1,3,True,market_maker,informed
582,562.5126282350136,1,5,1,False,uninformed,market_maker
582,563.354753958694,1,5,1,False,uninformed,market_maker
583,561.6712022650294,1,1,8,False,market_maker,uninformed
583,556.9787225318677,1,1,8,False,market_maker,uninformed
583,422.18148051275733,1,1,8,False,market_maker,uninformed
585,495.45710144005994,1,6,1,False,uninformed,market_maker
585,496.93249597347864,1,6,1,False,uninformed,market_maker
585,566.7283699142348,1,6,1,False,uninformed,market_maker
585,491.00939180754034,1,1,8,False,market_maker,uninformed
585,489.53399727412165,1,1,8,False,market_maker,uninformed
586,493.45026925231457,1,9,1,False,uninformed,market_maker
587,490.24284250217454,1,1,13,False,market_maker,uninformed
588,486.1072592932028,1,1,8,False,market_maker,uninformed
591,462.1315451366911,1,3,1,False,informed,market_maker
591,462.1315451366911,1,3,1,False,informed,market_maker
591,462.1315451366911,1,3,1,False,informed,market_maker
591,497.64459654095924,1,3,1,False,informed,market_maker
591,455.2511747376336,1,1,13,False,market_maker,uninformed
592,459.3484353102723,1,13,1,False,uninformed,market_maker
592,455.2511747376336,1,1,14,False,market_maker,uninformed
592,455.2511747376336,1,1,14,False,market_maker,uninformed
592,452.51966768920784,1,1,14,False,market_maker,uninformed
595,449.68825767184245,1,1,6,False,market_maker,uninformed
595,449.5767060303911,1,1,6,False,market_maker,uninformed
595,449.3520300153834,1,1,15,False,market_maker,uninformed
596,440.7855775142268,1,7,1,False,uninformed,market_maker
596,456.1398250307215,1,7,1,False,uninformed,market_maker
596,456.3678949432369,1,7,1,False,uninformed,market_maker
598,442.4524862774975,1,1,4,True,market_maker,informed
598,442.23137059220136,1,1,4,True,market_maker,informed
598,434.21649290149617,1,1,4,True,market_maker,informed
598,419.73812333336554,1,1,4,True,market_maker,informed
603,421.6231672452557,1,2,1,False,informed,market_maker
603,422.2565520733657,1,2,1,False,informed,market_maker
604,435.13499517165985,1,11,1,False,uninformed,market_maker
604,448.9116027763736,1,11,1,False,uninformed,market_maker
604,449.13605857776184,1,11,1,False,uninformed,market_maker
606,440.5499766812056,1,1,12,False,market_maker,uninformed
607,440.34165031862136,1,1,9,False,market_maker,uninformed
607,440.19777732755506,1,1,9,False,market_maker,uninformed
607,429.30465178657926,1,1,9,False,market_maker,uninformed
608,427.65564681220116,1,1,2,True,market_maker,informed
608,415.96048022336527,1,1,2,True,market_maker,informed
608,415.33653950303017,1,1,2,True,market_maker,informed
609,411.65706852495094,1,1,2,True,market_maker,informed
610,407.6881470561354,1,1,13,False,market_maker,uninformed
611,408.9669941883923,1,15,1,False,uninformed,market_maker
611,413.15604758261674,1,15,1,False,uninformed,market_maker
613,406.49777799419564,1,1,7,False,market_maker,uninformed
613,405.46749778927176,1,1,7,False,market_maker,uninformed
613,403.5554828944855,1,1,7,False,market_maker,uninformed
616,399.2471126647221,1,1,14,False,market_maker,uninformed
619,397.7292658038133,1,1,7,False,market_maker,uninformed
619,395.9876435469358,1,1,7,False,market_maker,uninformed
619,395.07070212244633,1,1,7,False,market_maker,uninformed
620,394.9863609426443,1,1,2,False,market_maker,informed
620,392.6138987074898,1,1,2,False,market_maker,informed
621,387.746975285097,1,1,2,True,market_maker,informed
622,386.9394583436418,1,5,1,False,uninformed,market_maker
622,391.9842275479777,1,5,1,False,uninformed,market_maker
623,389.4054181405729,1,12,1,False,uninformed,market_maker
624,385.16478795834735,1,1,2,True,market_maker,informed
624,382.7382875972758,1,1,2,True,market_maker,informed
625,381.8253537287633,1,14,1,False,uninformed,market_maker
625,396.8995645405402,1,14,1,False,uninformed,market_maker
625,399.29277713384465,1,14,1,False,uninformed,market_maker
628,385.2538608974399,1,1,5,False,market_maker,uninformed
628,383.0431358063785,1,1,5,False,market_maker,uninformed
630,382.10960870877807,1,1,1,False,market_maker,market_maker
632,379.84484660005035,1,1,1,False,market_maker,market_maker
633,378.5018617091293,1,1,13,False,market_maker,uninformed
633,378.2928854394265,1,1,13,False,market_maker,uninformed
633,377.3908784251097,1,1,13,False,market_maker,uninformed
634,376.1761068038775,1,1,1,False,market_maker,market_maker
634,375.51207391821316,1,1,2,False,market_maker,informed
634,372.86105757485046,1,1,2,False,market_maker,informed
636,378.5736728887276,1,13,1,False,uninformed,market_maker
636,380.5175110205545,1,13,1,False,uninformed,market_maker
637,379.0010889737349,1,4,1,True,informed,market_maker
637,383.0221785088215,1,4,1,True,informed,market_maker
637,385.7484940681438,1,4,1,True,informed,market_maker
637,386.8508176112799,1,4,1,True,informed,market_maker
637,388.8979273556103,1,4,1,True,informed,market_maker
637,400.1402852524288,1,4,1,True,informed,market_maker
637,401.0763468279045,1,4,1,True,informed,market_maker
638,389.38459721903797,1,4,1,True,informed,market_maker
638,402.9377260342985,1,4,1,True,informed,market_maker
638,404.635409261093,1,4,1,True,informed,market_maker
638,410.9299669279844,1,4,1,True,informed,market_maker
638,411.945795657189,1,4,1,True,informed,market_maker
638,416.93932778359425,1,4,1,True,informed,market_maker
638,433.91619103630995,1,4,1,True,informed,market_maker
638,446.47379189726644,1,4,1,True,informed,market_maker
640,414.2279841977531,1,1,5,False,market_maker,uninformed
642,399.17978780459276,1,1,7,False,market_maker,uninformed
642,398.6556955152182,1,1,12,False,market_maker,uninformed
642,385.9938065011416,1,1,12,False,market_maker,uninformed
643,375.94565289104514,1,1,2,False,market_maker,informed
647,376.2531440483745,1,4,1,True,informed,market_maker
647,377.4145661557536,1,4,1,True,informed,market_maker
647,403.85337556609886,1,4,1,True,informed,market_maker
647,404.1325956601891,1,4,1,True,informed,market_maker
647,418.122693463605,1,4,1,True,informed,market_maker
647,446.7732546908125,1,4,1,True,informed,market_maker
647,447.0082641128408,1,4,1,True,informed,market_maker
647,456.4811316548008,1,4,1,True,informed,market_maker
648,460.0536297605358,1,14,1,False,uninformed,market_maker
649,464.1941124283806,1,11,1,False,uninformed,market_maker
652,468.6039564964502,1,2,1,False,informed,market_maker
652,469.5411644094431,1,2,1,False,informed,market_maker
652,470.00719104417885,1,2,1,False,informed,market_maker
655,470.5815529918362,1,1,8,False,market_maker,uninformed
658,470.7774939559446,1,1,7,False,market_maker,uninformed
658,470.633867887373,1,1,12,False,market_maker,uninformed
658,470.34531727246275,1,1,12,False,market_maker,uninformed
658,469.76560734798215,1,1,12,False,market_maker,uninformed
660,475.1772701456648,1,5,1,False,uninformed,market_maker
660,475.66126005064257,1,5,1,False,uninformed,market_maker
661,468.81464129895977,1,1,10,False,market_maker,uninformed
661,468.58647680745,1,1,10,False,market_maker,uninformed
664,469.3466969038991,1,1,6,False,market_maker,uninformed
666,475.89286940110816,1,10,1,False,uninformed,market_maker
666,476.0221009751999,1,10,1,False,uninformed,market_maker
666,476.19674934990474,1,10,1,False,uninformed,market_maker
666,469.11048819886446,1,1,15,False,market_maker,uninformed
666,468.9419507375916,1,1,15,False,market_maker,uninformed
666,468.12716228000215,1,1,15,False,market_maker,uninformed
669,471.7130095683382,1,4,1,True,informed,market_maker
669,471.91977731108165,1,4,1,True,informed,market_maker
669,473.48601903471837,1,4,1,True,informed,market_maker
669,476.4329580549394,1,4,1,True,informed,market_maker
669,476.8403905911747,1,4,1,True,informed,market_maker
669,477.43238885366515,1,4,1,True,informed,market_maker
669,477.6686245730386,1,4,1,True,informed,market_maker
669,477.725287293009,1,4,1,True,informed,market_maker
669,468.94649895274864,1,1,9,False,market_maker,uninformed
669,468.68306865637976,1,1,9,False,market_maker,uninformed
670,475.2486619576283,1,4,1,False,informed,market_maker
670,477.8710774911924,1,4,1,False,informed,market_maker
671,481.48839713882666,1,2,1,False,informed,market_maker
671,478.55459754097893,1,1,5,False,market_maker,uninformed
671,472.36760077366284,1,1,5,False,market_maker,uninformed
671,466.44009613241604,1,1,5,False,market_maker,uninformed
672,466.5534362410439,1,1,15,False,market_maker,uninformed
672,463.0234289187082,1,1,15,False,market_maker,uninformed
679,469.0108272799596,1,11,1,False,uninformed,market_maker
680,467.7724932481274,1,1,3,True,market_maker,informed
680,467.73470469112283,1,1,3,True,market_maker,informed
680,467.66245197501485,1,1,3,True,market_maker,informed
680,467.51775515317047,1,1,3,True,market_maker,informed
681,467.227973430891,1,1,14,False,market_maker,uninformed
682,469.5918366967151,1,11,1,False,uninformed,market_maker
682,470.17733471903597,1,11,1,False,uninformed,market_maker
685,467.66225640018564,1,1,2,False,market_maker,informed
685,467.1074925298427,1,1,2,False,market_maker,informed
685,466.81327232725624,1,1,2,False,market_maker,informed
685,466.6454356713279,1,1,2,False,market_maker,informed
685,465.4757267253909,1,1,2,False,market_maker,informed
685,462.5643268996446,1,1,2,False,market_maker,informed
685,461.6410448100245,1,1,2,False,market_maker,informed
685,457.29330798197253,1,1,2,False,market_maker,informed
685,470.3544065639149,1,7,1,False,uninformed,market_maker
685,470.6491374078911,1,7,1,False,uninformed,market_maker
685,470.7674301777748,1,7,1,False,uninformed,market_maker
686,463.7271260462845,1,11,1,False,uninformed,market_maker
687,467.22372702560637,1,6,1,False,uninformed,market_maker
687,471.06164255945725,1,6,1,False,uninformed,market_maker
687,471.2058355422127,1,6,1,False,uninformed,market_maker
688,466.03672210592555,1,1,6,False,market_maker,uninformed
688,463.6034981852038,1,1,6,False,market_maker,uninformed
688,460.2312290871763,1,1,6,False,market_maker,uninformed
689,463.35396716196044,1,9,1,False,uninformed,market_maker
689,469.70903894357576,1,9,1,False,uninformed,market_maker
689,471.20745191419803,1,9,1,False,uninformed,market_maker
690,464.0942560720443,1,1,14,False,market_maker,uninformed
690,459.71490227661275,1,1,14,False,market_maker,uninformed
692,453.8215958123754,1,1,3,False,market_maker,informed
692,372.2210657089904,1,1,3,False,market_maker,informed
692,371.1335809207753,1,1,3,False,market_maker,informed
695,371.90499135414944,1,4,1,True,informed,market_maker
695,372.8003418326905,1,4,1,True,informed,market_maker
695,372.8003418326905,1,4,1,True,informed,market_maker
695,467.83189912659606,1,4,1,True,informed,market_maker
695,471.280257761989,1,4,1,True,informed,market_maker
695,471.3149025528827,1,4,1,True,informed,market_maker
696,475.55673667585864,1,6,1,False,uninformed,market_maker
699,480.0745256742793,1,2,1,True,informed,market_maker
699,481.03467472562784,1,2,1,True,informed,market_maker
699,481.5121088414109,1,2,1,True,informed,market_maker
701,486.8087420386664,1,15,1,False,uninformed,market_maker
702,492.4070425721111,1,7,1,False,uninformed,market_maker
702,485.10491144153104,1,1,15,False,market_maker,uninformed
704,490.6836179231086,1,7,1,False,uninformed,market_maker
707,496.5718213381859,1,2,1,False,informed,market_maker
707,498.80639453420775,1,2,1,False,informed,market_maker
707,499.92032927242457,1,2,1,False,informed,market_maker
709,506.66925371760226,1,7,1,False,uninformed,market_maker
709,509.7092692399079,1,7,1,False,uninformed,market_maker
710,509.4544146052879,1,1,3,True,market_maker,informed
710,502.165471471187,1,1,3,True,market_maker,informed
710,499.17044877851595,1,1,3,True,market_maker,informed
710,492.5104429689796,1,1,3,True,market_maker,informed
710,491.4130191211513,1,1,3,True,market_maker,informed
710,489.2115670693393,1,1,3,True,market_maker,informed
710,483.4070442514857,1,1,3,True,market_maker,informed
710,479.58606040604525,1,1,3,True,market_maker,informed
713,495.7153556898966,1,1,5,False,market_maker,uninformed
713,500.93387692345107,1,11,1,False,uninformed,market_maker
713,502.4366785542214,1,11,1,False,uninformed,market_maker
716,499.7924513274194,1,1,12,False,market_maker,uninformed
716,497.0852426980562,1,1,12,False,market_maker,uninformed
716,494.9784398819667,1,1,12,False,market_maker,uninformed
719,498.73549085498263,1,1,3,True,market_maker,informed
719,498.2444485471325,1,1,3,True,market_maker,informed
719,497.26130797985985,1,1,3,True,market_maker,informed
719,493.4979460438352,1,1,3,True,market_maker,informed
719,474.35739697155344,1,1,3,True,market_maker,informed
719,473.8870569733897,1,1,3,True,market_maker,informed
719,472.9411746241414,1,1,3,True,market_maker,informed
719,468.4870131375654,1,1,3,True,market_maker,informed
719,501.4147014181323,1,10,1,False,uninformed,market_maker
720,433.37325615835834,1,1,11,False,market_maker,uninformed
720,369.24876974463876,1,1,11,False,market_maker,uninformed
721,367.2416886244496,1,1,5,False,market_maker,uninformed
721,367.2416886244496,1,1,5,False,market_maker,uninformed
723,368.71065537894737,1,12,1,False,uninformed,market_maker
723,436.99690993201455,1,12,1,False,uninformed,market_maker
723,502.4289128696556,1,12,1,False,uninformed,market_maker
724,428.94840994446264,1,1,13,False,market_maker,uninformed
724,363.2020300495806,1,1,13,False,market_maker,uninformed
725,364.83643918480374,1,4,1,False,informed,market_maker
725,435.4443475004111,1,4,1,False,informed,market_maker
725,502.9229774102127,1,4,1,False,informed,market_maker
725,503.1846980659373,1,4,1,False,informed,market_maker
725,503.9784342292481,1,4,1,False,informed,market_maker
725,504.5714662326655,1,4,1,False,informed,market_maker
725,517.1000536438866,1,4,1,False,informed,market_maker
726,359.3884087340601,1,1,5,False,market_maker,uninformed
727,356.6929956685546,1,1,11,False,market_maker,uninformed
730,353.8394517032061,1,1,4,False,market_maker,informed
734,358.38199474728333,1,10,1,False,uninformed,market_maker
734,358.47257929394874,1,14,1,False,uninformed,market_maker
734,358.6525783931348,1,14,1,False,uninformed,market_maker
735,359.01025171491534,1,8,1,False,uninformed,market_maker
735,359.187082980904,1,8,1,False,uninformed,market_maker
735,359.1898466382345,1,12,1,False,uninformed,market_maker
735,362.08382179956556,1,12,1,False,uninformed,market_maker
739,365.7046600175612,1,10,1,False,uninformed,market_maker
739,366.61892166760515,1,10,1,False,uninformed,market_maker
739,367.0737668385019,1,10,1,False,uninformed,market_maker
740,363.2965726566875,1,1,3,False,market_maker,informed
740,361.84510103907724,1,1,3,False,market_maker,informed
740,361.62217624189054,1,1,3,False,market_maker,informed
740,361.1740861972942,1,1,3,False,market_maker,informed
740,360.27340269056776,1,1,3,False,market_maker,informed
740,353.842037103212,1,1,3,False,market_maker,informed
740,353.6625319773545,1,1,3,False,market_maker,informed
742,363.1862227525388,1,2,1,True,informed,market_maker
742,367.30005231102314,1,2,1,True,informed,market_maker
742,368.76516130681324,1,2,1,True,informed,market_maker
743,366.73695291962576,1,1,15,False,market_maker,uninformed
743,357.7816658663403,1,1,15,False,market_maker,uninformed
744,365.87167926946773,1,15,1,False,uninformed,market_maker
746,364.697276649092,1,1,4,False,market_maker,informed
747,368.79095635728163,1,3,1,True,informed,market_maker
747,369.64628724813565,1,3,1,True,informed,market_maker
747,370.20075667900784,1,3,1,True,informed,market_maker
747,372.26843033922796,1,3,1,True,informed,market_maker
751,374.91499051254783,1,13,1,False,uninformed,market_maker
751,376.0763302457193,1,13,1,False,uninformed,market_maker
753,374.97558639750616,1,1,11,False,market_maker,uninformed
753,373.4750246877529,1,1,11,False,market_maker,uninformed
753,372.9344524285534,1,1,11,False,market_maker,uninformed
753,376.61796658217156,1,12,1,False,uninformed,market_maker
753,378.117776837498,1,12,1,False,uninformed,market_maker
754,381.02498481188013,1,6,1,False,uninformed,market_maker
757,384.1149337400443,1,3,1,True,informed,market_maker
757,385.65307541179743,1,3,1,True,informed,market_maker
759,387.9193794154651,1,1,2,False,market_maker,informed
759,389.1678929656851,1,4,1,True,informed,market_maker
759,391.1191155701364,1,4,1,True,informed,market_maker
759,385.9947886120278,1,1,15,False,market_maker,uninformed
760,386.3307258239605,1,1,14,False,market_maker,uninformed
760,382.505486768467,1,1,14,False,market_maker,uninformed
761,389.5187992862153,1,9,1,False,uninformed,market_maker
762,392.8409468907487,1,14,1,False,uninformed,market_maker
763,393.314707946061,1,1,2,True,market_maker,informed
765,395.1904112210925,1,1,4,True,market_maker,informed
765,393.4107501337714,1,1,4,True,market_maker,informed
766,389.7023208752579,1,1,3,True,market_maker,informed
766,380.98323576221105,1,1,3,True,market_maker,informed
766,377.8573933009784,1,1,3,True,market_maker,informed
766,371.85548074794343,1,1,3,True,market_maker,informed
766,365.7401783021571,1,1,3,True,market_maker,informed
766,364.15105007398097,1,1,3,True,market_maker,informed
766,360.42985954805766,1,1,3,True,market_maker,informed
766,353.3075325154428,1,1,3,True,market_maker,informed
768,373.1340895354303,1,1,12,False,market_maker,uninformed
768,372.4188224260089,1,1,12,False,market_maker,uninformed
768,353.13021596617006,1,1,12,False,market_maker,uninformed
769,365.44804937178856,1,5,1,False,uninformed,market_maker
772,366.3491179552179,1,1,4,False,market_maker,informed
772,365.77584614488893,1,1,4,False,market_maker,informed
772,365.5131932293428,1,1,4,False,market_maker,informed
772,361.8810146793694,1,1,4,False,market_maker,informed
772,353.0409814127486,1,1,4,False,market_maker,informed
773,349.7781521823913,1,1,3,False,market_maker,informed
777,350.19218399858266,1,4,1,True,informed,market_maker
777,353.4794827918039,1,4,1,True,informed,market_maker
777,369.37154573857157,1,4,1,True,informed,market_maker
777,369.639604095773,1,4,1,True,informed,market_maker
777,370.17111263132387,1,4,1,True,informed,market_maker
777,375.74565591306094,1,4,1,True,informed,market_maker
777,376.0864831497581,1,4,1,True,informed,market_maker
777,396.1241566686386,1,4,1,True,informed,market_maker
778,396.29559530434386,1,3,1,True,informed,market_maker
778,397.89740266192825,1,3,1,True,informed,market_maker
779,400.77835679929086,1,2,1,True,informed,market_maker
780,398.17329748009547,1,1,6,False,market_maker,uninformed
780,395.41434592722754,1,1,6,False,market_maker,uninformed
781,404.1849728320848,1,7,1,False,uninformed,market_maker
783,407.41845261474145,1,7,1,False,uninformed,market_maker
789,405.52556989962153,1,1,7,False,market_maker,uninformed
791,405.47595384879617,1,1,4,True,market_maker,informed
791,410.8815094619668,1,14,1,False,uninformed,market_maker
793,405.52545255625927,1,1,6,False,market_maker,uninformed
793,405.475892122749,1,1,6,False,market_maker,uninformed
793,405.37607251849863,1,1,11,False,market_maker,uninformed
793,405.3214805337939,1,1,11,False,market_maker,uninformed
794,405.3214805337939,1,1,2,False,market_maker,informed
794,405.1750029054184,1,1,2,False,market_maker,informed
794,404.77023267274564,1,1,2,False,market_maker,informed
794,404.6321733308378,1,1,2,False,market_maker,informed
794,401.35567802226024,1,1,2,False,market_maker,informed
794,346.2161169965584,1,1,2,False,market_maker,informed
794,410.756777367127,1,5,1,False,uninformed,market_maker
794,411.29239097142874,1,5,1,False,uninformed,market_maker
794,411.4441615086246,1,5,1,False,uninformed,market_maker
794,411.4441615086246,1,6,1,False,uninformed,market_maker
794,411.496496361254,1,6,1,False,uninformed,market_maker
795,407.5872796458221,1,1,11,False,market_maker,uninformed
795,411.5978857136497,1,12,1,False,uninformed,market_maker
795,411.6009055989234,1,12,1,False,uninformed,market_maker
795,411.64825087445223,1,15,1,False,uninformed,market_maker
797,408.1492407420194,1,1,15,False,market_maker,uninformed
799,411.22691887940607,1,3,1,True,informed,market_maker
799,411.4878470986974,1,3,1,True,informed,market_maker
799,406.41607577520114,1,1,12,False,market_maker,uninformed
800,411.0245844749099,1,8,1,False,uninformed,market_maker
800,411.65121467946557,1,15,1,False,uninformed,market_maker
800,412.5645791908623,1,15,1,False,uninformed,market_maker
800,413.7597270912409,1,15,1,False,uninformed,market_maker
803,409.4530291472739,1,1,5,False,market_maker,uninformed
805,411.54990156582124,1,6,1,False,uninformed,market_maker
805,411.70973952426147,1,6,1,False,uninformed,market_maker
806,411.96145146738706,1,14,1,False,uninformed,market_maker
806,412.4521113447541,1,14,1,False,uninformed,market_maker
806,414.32396450513613,1,15,1,False,uninformed,market_maker
808,416.78603471798533,1,15,1,False,uninformed,market_maker
808,418.09544406929786,1,15,1,False,uninformed,market_maker
810,418.4587093121361,1,1,3,True,market_maker,informed
810,415.5318303463971,1,1,3,True,market_maker,informed
810,414.34783807931774,1,1,3,True,market_maker,informed
810,410.03566811309014,1,1,3,True,market_maker,informed
810,409.29444414703556,1,1,3,True,market_maker,informed
810,409.0439851621118,1,1,3,True,market_maker,informed
810,405.45014811018166,1,1,3,True,market_maker,informed
810,405.35234242028736,1,1,3,True,market_maker,informed
810,421.076942379014,1,10,1,False,uninformed,market_maker
811,405.2596769519477,1,1,3,False,market_maker,informed
812,403.9709116135317,1,1,13,False,market_maker,uninformed
815,401.99283483635,1,1,9,False,market_maker,uninformed
815,401.79024848894534,1,1,9,False,market_maker,uninformed
815,401.7064365640813,1,1,9,False,market_maker,uninformed
816,402.65423661937854,1,7,1,False,uninformed,market_maker
816,405.2265648377472,1,7,1,False,uninformed,market_maker
816,405.34383490034685,1,7,1,False,uninformed,market_maker
819,403.7015115802319,1,11,1,False,uninformed,market_maker
819,403.9033952482219,1,13,1,False,uninformed,market_maker
819,405.54501747909984,1,13,1,False,uninformed,market_maker
820,405.63437349416716,1,2,1,False,informed,market_maker
820,406.5484422903637,1,2,1,False,informed,market_maker
820,402.112092902351,1,1,13,False,market_maker,uninformed
821,400.96001470513335,1,1,14,False,market_maker,uninformed
821,400.39108457928484,1,1,14,False,market_maker,uninformed
821,400.190821007361,1,1,14,False,market_maker,uninformed
823,400.0569939573446,1,1,3,True,market_maker,informed
823,400.0560743104787,1,1,3,True,market_maker,informed
823,399.15181076252776,1,1,3,True,market_maker,informed
827,396.8105277055292,1,1,10,False,market_maker,uninformed
827,396.2095384531032,1,1,10,False,market_maker,uninformed
827,395.9148473995108,1,1,10,False,market_maker,uninformed
827,395.7919303319409,1,1,12,False,market_maker,uninformed
831,392.7048528764864,1,1,3,False,market_maker,informed
833,392.08319059836595,1,2,1,False,informed,market_maker
833,393.6275024144046,1,2,1,False,informed,market_maker
833,394.00434109190815,1,2,1,False,informed,market_maker
834,391.34507205999665,1,1,2,True,market_maker,informed
834,390.8741383859681,1,1,2,True,market_maker,informed
834,390.6519673863563,1,1,2,True,market_maker,informed
835,390.32820937510064,1,1,3,True,market_maker,informed
835,389.7494935781376,1,1,3,True,market_maker,informed
836,388.9584701708211,1,13,1,False,uninformed,market_maker
836,393.2132009792059,1,13,1,False,uninformed,market_maker
837,390.2763490320124,1,13,1,False,uninformed,market_maker
838,388.781681847176,1,1,13,False,market_maker,uninformed
838,387.9486698170666,1,1,13,False,market_maker,uninformed
838,386.6430220496727,1,1,13,False,market_maker,uninformed
839,385.87942222214843,1,13,1,False,uninformed,market_maker
839,391.1350902123767,1,13,1,False,uninformed,market_maker
840,383.5401916567003,1,1,2,True,market_maker,informed
841,380.56363319898406,1,1,6,False,market_maker,uninformed
842,377.3500129775681,1,1,11,False,market_maker,uninformed
843,373.9669355804752,1,1,5,False,market_maker,uninformed
847,370.4081840348349,1,1,1,False,market_maker,market_maker
849,368.1840649049584,1,1,1,False,market_maker,market_maker
850,367.07755336391585,1,1,1,False,market_maker,market_maker
850,365.97796246086386,1,1,4,False,market_maker,informed
850,364.8745806002612,1,1,4,False,market_maker,informed
850,364.3275875444169,1,1,4,False,market_maker,informed
850,368.57371432355865,1,6,1,False,uninformed,market_maker
850,370.8015254214224,1,6,1,False,uninformed,market_maker
850,373.0380838991498,1,6,1,False,uninformed,market_maker
850,376.58224023190775,1,14,1,False,uninformed,market_maker
854,373.1903024977015,1,1,1,False,market_maker,market_maker
855,371.91646017957976,1,13,1,False,uninformed,market_maker
855,373.9744116390698,1,13,1,False,uninformed,market_maker
855,375.83177332356297,1,13,1,False,uninformed,market_maker
856,372.42389534743137,1,1,4,False,market_maker,informed
856,370.9280427651778,1,1,4,False,market_maker,informed
856,370.0109064576135,1,1,4,False,market_maker,informed
856,368.8890307254445,1,1,4,False,market_maker,informed
857,365.157967262118,1,1,2,False,market_maker,informed
857,368.19342582006567,1,14,1,False,uninformed,market_maker
857,375.4721658667423,1,14,1,False,uninformed,market_maker
858,371.81412375456836,1,1,12,False,market_maker,uninformed
858,375.000014154382,1,13,1,False,uninformed,market_maker
859,379.9716170884102,1,4,1,True,informed,market_maker
859,383.0648883895063,1,4,1,True,informed,market_maker
859,394.70739848153113,1,4,1,True,informed,market_maker
859,396.10846427507175,1,4,1,True,informed,market_maker
859,399.22616021225144,1,4,1,True,informed,market_maker
859,399.40188145239995,1,4,1,True,informed,market_maker
859,399.7009683905256,1,4,1,True,informed,market_maker
859,400.29563838723874,1,4,1,True,informed,market_maker
861,401.4484339079906,1,2,1,True,informed,market_maker
861,401.4726080340327,1,2,1,True,informed,market_maker
861,403.56532418345876,1,2,1,True,informed,market_maker
861,403.56624383032465,1,2,1,True,informed,market_maker
861,404.4705073782756,1,2,1,True,informed,market_maker
863,407.26948818349024,1,11,1,False,uninformed,market_maker
864,407.66965257838996,1,4,1,False,informed,market_maker
864,408.26026292866635,1,4,1,False,informed,market_maker
866,411.669916317165,1,7,1,False,uninformed,market_maker
867,412.6857580753298,1,2,1,False,informed,market_maker
867,413.91506955414224,1,2,1,False,informed,market_maker
870,415.6764983700987,1,1,3,True,market_maker,informed
870,414.8396795407406,1,1,3,True,market_maker,informed
870,413.17780716013795,1,1,3,True,market_maker,informed
870,409.15498688098336,1,1,3,True,market_maker,informed
870,407.92247366457616,1,1,3,True,market_maker,informed
870,406.891910854811,1,1,3,True,market_maker,informed
870,403.5152823570033,1,1,3,True,market_maker,informed
870,402.8900531486891,1,1,3,True,market_maker,informed
875,407.90634834678934,1,1,9,False,market_maker,uninformed
875,407.8771530755562,1,1,9,False,market_maker,uninformed
875,407.87193713334284,1,1,9,False,market_maker,uninformed
877,407.86795542801923,1,1,5,False,market_maker,uninformed
877,407.3074023132424,1,1,5,False,market_maker,uninformed
877,402.48046758781754,1,1,5,False,market_maker,uninformed
880,401.4576126185322,1,1,14,False,market_maker,uninformed
880,400.39503607587454,1,1,15,False,market_maker,uninformed
880,400.21639175134914,1,1,15,False,market_maker,uninformed
880,397.94195595132516,1,1,15,False,market_maker,uninformed
882,396.7186962404941,1,1,5,False,market_maker,uninformed
882,399.50546160595525,1,13,1,False,uninformed,market_maker
882,403.38568929595664,1,13,1,False,uninformed,market_maker
882,404.7417107233245,1,13,1,False,uninformed,market_maker
885,399.4880022548491,1,6,1,False,uninformed,market_maker
885,401.1163994638878,1,6,1,False,uninformed,market_maker
885,405.92263058575423,1,6,1,False,uninformed,market_maker
885,411.8677162696242,1,11,1,False,uninformed,market_maker
888,403.10547861871487,1,1,5,False,market_maker,uninformed
888,405.2394232583538,1,7,1,False,uninformed,market_maker
888,406.0053774797386,1,7,1,False,uninformed,market_maker
888,412.5377717456078,1,7,1,False,uninformed,market_maker
888,402.2532111279028,1,1,12,False,market_maker,uninformed
888,398.1945489943255,1,1,12,False,market_maker,uninformed
888,396.6257024095313,1,1,12,False,market_maker,uninformed
889,405.0550533445587,1,14,1,False,uninformed,market_maker
890,405.0221367083851,1,1,7,False,market_maker,uninformed
890,402.08740225254644,1,1,7,False,market_maker,uninformed
890,396.59840200281326,1,1,7,False,market_maker,uninformed
893,395.4295421266713,1,5,1,False,uninformed,market_maker
893,396.61004624966864,1,5,1,False,uninformed,market_maker
893,408.0029238224636,1,5,1,False,uninformed,market_maker
893,393.81056894193813,1,1,9,False,market_maker,uninformed
894,403.02017399061805,1,4,1,True,informed,market_maker
894,412.566967016841,1,4,1,True,informed,market_maker
894,412.5721829590543,1,4,1,True,informed,market_maker
894,412.5761646643779,1,4,1,True,informed,market_maker
894,417.9636525045796,1,4,1,True,informed,market_maker
894,419.6263459626358,1,4,1,True,informed,market_maker
894,420.4580470034028,1,4,1,True,informed,market_maker
895,422.6957938355464,1,8,1,False,uninformed,market_maker
896,425.5278314617013,1,13,1,False,uninformed,market_maker
898,428.5594715658168,1,8,1,False,uninformed,market_maker
900,427.43954968091026,1,1,6,False,market_maker,uninformed
900,424.19830268343253,1,1,6,False,market_maker,uninformed
905,429.27872399093883,1,5,1,False,uninformed,market_maker
905,429.9325484329226,1,5,1,False,uninformed,market_maker
905,430.24893385416664,1,5,1,False,uninformed,market_maker
905,430.3973720907705,1,5,1,False,uninformed,market_maker
905,426.05846034930147,1,1,6,False,market_maker,uninformed
905,425.89434883988696,1,1,6,False,market_maker,uninformed
907,431.8221908085524,1,10,1,False,uninformed,market_maker
907,431.9297734119019,1,10,1,False,uninformed,market_maker
907,432.9511283361425,1,10,1,False,uninformed,market_maker
908,428.6378591968427,1,1,3,True,market_maker,informed
908,427.61819575801644,1,1,3,True,market_maker,informed
908,425.5822672163038,1,1,3,True,market_maker,informed
908,424.954741460111,1,1,3,True,market_maker,informed
908,421.1318435908982,1,1,3,True,market_maker,informed
908,419.061216265266,1,1,3,True,market_maker,informed
908,399.7594150181662,1,1,3,True,market_maker,informed
908,392.2246009117648,1,1,3,True,market_maker,informed
909,394.19255718685594,1,5,1,False,uninformed,market_maker
911,397.3460976443508,1,7,1,False,uninformed,market_maker
911,397.54477069317295,1,7,1,False,uninformed,market_maker
913,395.1595020690139,1,1,3,True,market_maker,informed
913,391.6289258911912,1,1,3,True,market_maker,informed
913,391.433209286548,1,1,3,True,market_maker,informed
913,390.2566446366737,1,1,3,True,market_maker,informed
916,392.8230553210241,1,4,1,True,informed,market_maker
916,401.12267362941145,1,4,1,True,informed,market_maker
917,404.1522795754538,1,15,1,False,uninformed,market_maker
920,402.02017405487106,1,1,6,False,market_maker,uninformed
920,401.619333063079,1,1,6,False,market_maker,uninformed
920,398.4941903569985,1,1,6,False,market_maker,uninformed
920,387.29997730768656,1,1,6,False,market_maker,uninformed
923,389.4276097330263,1,4,1,True,informed,market_maker
923,389.72928499859694,1,4,1,True,informed,market_maker
923,407.4935306469795,1,4,1,True,informed,market_maker
923,407.9018025188975,1,4,1,True,informed,market_maker
924,405.2504408025247,1,1,5,False,market_maker,uninformed
924,384.0960696621608,1,1,5,False,market_maker,uninformed
925,400.4776670344896,1,2,1,False,informed,market_maker
925,411.36896784030813,1,2,1,False,informed,market_maker
927,409.10376461889547,1,1,15,False,market_maker,uninformed
927,408.6950695493461,1,1,15,False,market_maker,uninformed
929,402.0128991324301,1,1,12,False,market_maker,uninformed
929,394.51522037888924,1,1,12,False,market_maker,uninformed
930,397.7161226898887,1,15,1,False,uninformed,market_maker
930,407.36792531340996,1,15,1,False,uninformed,market_maker
930,414.86560406695077,1,15,1,False,uninformed,market_maker
931,415.28046967101767,1,11,1,False,uninformed,market_maker
933,392.4847303517055,1,1,3,False,market_maker,informed
933,383.6239195730707,1,1,3,False,market_maker,informed
938,380.7467401762726,1,1,7,False,market_maker,uninformed
938,380.7467401762726,1,1,7,False,market_maker,uninformed
939,383.2215939874184,1,2,1,True,informed,market_maker
939,386.50109896986874,1,2,1,True,informed,market_maker
939,386.50109896986874,1,2,1,True,informed,market_maker
940,383.79559127707967,1,1,8,False,market_maker,uninformed
940,377.5103928847743,1,1,8,False,market_maker,uninformed
940,389.5931077616277,1,15,1,False,uninformed,market_maker
942,392.51505606983994,1,9,1,False,uninformed,market_maker
946,395.6551765183987,1,15,1,False,uninformed,market_maker
946,395.72138806587566,1,15,1,False,uninformed,market_maker
946,395.83299368709385,1,15,1,False,uninformed,market_maker
949,399.2870938558635,1,3,1,True,informed,market_maker
949,400.07001112263316,1,3,1,True,informed,market_maker
950,403.89528724896536,1,2,1,False,informed,market_maker
950,398.6451550630368,1,1,14,False,market_maker,uninformed
954,398.5478881635656,1,1,9,False,market_maker,uninformed
954,397.3558207014612,1,1,9,False,market_maker,uninformed
954,394.7658068650008,1,1,9,False,market_maker,uninformed
956,400.11885833527646,1,11,1,False,uninformed,market_maker
957,400.74290979122793,1,11,1,False,uninformed,market_maker
957,401.54217557806203,1,11,1,False,uninformed,market_maker
963,402.3263603549906,1,14,1,False,uninformed,market_maker
963,403.1384196261262,1,14,1,False,uninformed,market_maker
963,403.53333943605554,1,14,1,False,uninformed,market_maker
965,403.89663350862156,1,1,1,False,market_maker,market_maker
965,404.2347726962045,1,12,1,False,uninformed,market_maker
965,404.46400934560853,1,15,1,False,uninformed,market_maker
965,404.60093774909393,1,15,1,False,uninformed,market_maker
965,404.6465489411611,1,15,1,False,uninformed,market_maker
966,403.606552860535,1,1,8,False,market_maker,uninformed
966,402.17085874629834,1,1,8,False,market_maker,uninformed
966,402.0778347471623,1,1,8,False,market_maker,uninformed
966,401.9396142175481,1,1,8,False,market_maker,uninformed
968,405.8761823490658,1,1,8,False,market_maker,uninformed
968,404.4771232731144,1,1,8,False,market_maker,uninformed
968,401.66528826231416,1,1,8,False,market_maker,uninformed
968,406.0882431095321,1,12,1,False,uninformed,market_maker
968,406.81138822460866,1,12,1,False,uninformed,market_maker
968,406.9112989899052,1,12,1,False,uninformed,market_maker
969,407.80468576978063,1,4,1,True,informed,market_maker
969,408.3367281823026,1,4,1,True,informed,market_maker
969,405.33802405954583,1,1,10,False,market_maker,uninformed
969,401.16323182698216,1,1,10,False,market_maker,uninformed
969,400.3255492517928,1,1,10,False,market_maker,uninformed
970,403.11265917276745,1,3,1,True,informed,market_maker
972,406.20497017479113,1,15,1,False,uninformed,market_maker
973,408.05829606813626,1,14,1,False,uninformed,market_maker
974,410.10323606870696,1,6,1,False,uninformed,market_maker
974,412.3656924430636,1,6,1,False,uninformed,market_maker
976,416.37428097824903,1,1,1,False,market_maker,market_maker
976,413.717857909638,1,1,6,False,market_maker,uninformed
978,418.0018422738248,1,1,6,False,market_maker,uninformed
980,417.78483820742395,1,1,7,False,market_maker,uninformed
980,415.514438576552,1,1,7,False,market_maker,uninformed
981,414.454599870387,1,1,15,False,market_maker,uninformed
982,416.5647318206351,1,3,1,False,informed,market_maker
982,417.2315569157174,1,3,1,False,informed,market_maker
982,418.2642587022212,1,3,1,False,informed,market_maker
982,419.10978553100114,1,3,1,False,informed,market_maker
982,420.57964190638245,1,3,1,False,informed,market_maker
982,420.779527188621,1,3,1,False,informed,market_maker
982,413.6706122041809,1,1,11,False,market_maker,uninformed
982,409.6960765751352,1,1,11,False,market_maker,uninformed
982,407.46192456600096,1,1,11,False,market_maker,uninformed
986,410.4213179812311,1,1,5,False,market_maker,uninformed
986,408.27448525424234,1,1,5,False,market_maker,uninformed
989,410.1725776010458,1,1,5,False,market_maker,uninformed
989,408.59340391044253,1,1,5,False,market_maker,uninformed
990,408.23286560281775,1,1,2,True,market_maker,informed
990,405.43937620520495,1,1,2,True,market_maker,informed
990,403.6483621032987,1,1,2,True,market_maker,informed
990,400.7410437248324,1,1,2,True,market_maker,informed
990,398.7344261633733,1,1,2,True,market_maker,informed
990,397.93633346369757,1,1,2,True,market_maker,informed
990,397.36416039155876,1,1,2,True,market_maker,informed
990,393.9622254930726,1,1,2,True,market_maker,informed
995,399.0704545375072,1,1,14,False,market_maker,uninformed
996,398.76092116273793,1,1,4,True,market_maker,informed
996,398.73419264692455,1,1,12,False,market_maker,uninformed
996,398.4009975059244,1,1,12,False,market_maker,uninformed
996,390.30900783825774,1,1,12,False,market_maker,uninformed
997,396.016492418456,1,4,1,False,informed,market_maker
997,401.37342780473347,1,4,1,False,informed,market_maker
998,395.1687729661069,1,1,3,False,market_maker,informed
998,393.07648369500487,1,1,3,False,market_maker,informed
998,390.09395044347195,1,1,3,False,market_maker,informed
998,389.76745067735106,1,1,3,False,market_maker,informed
998,386.6711594534155,1,1,3,False,market_maker,informed
